task_id,trial,baseline_success,verified_success,baseline_db,verified_db,delta
setA-0,0,1,1,1,1,0
setA-0,1,1,1,1,1,0
setA-0,2,1,1,1,1,0
setA-1,0,1,1,1,1,0
setA-1,1,1,1,1,1,0
setA-1,2,1,1,1,1,0
setA-2,0,1,1,1,1,0
setA-2,1,1,1,1,1,0
setA-2,2,1,1,1,1,0
setA-3,0,1,1,1,1,0
setA-3,1,1,1,1,1,0
setA-3,2,1,1,1,1,0
setA-4,0,1,1,1,1,0
setA-4,1,1,1,1,1,0
setA-4,2,1,1,1,1,0
setA-5,0,0,0,0,0,0
setA-5,1,0,0,0,0,0
setA-5,2,0,0,0,0,0
setA-6,0,1,1,1,1,0
setA-6,1,1,1,1,1,0
setA-6,2,1,1,1,1,0
setA-7,0,1,1,1,1,0
setA-7,1,1,1,1,1,0
setA-7,2,0,0,0,0,0
setA-8,0,1,0,1,0,-1
setA-8,1,0,1,0,1,1
setA-8,2,0,1,0,1,1
setA-9,0,1,1,1,1,0
setA-9,1,1,0,1,0,-1
setA-9,2,1,1,1,1,0
setB-45,0,1,1,1,1,0
setB-45,1,1,1,1,1,0
setB-45,2,1,1,1,1,0
setB-46,0,1,1,1,1,0
setB-46,1,1,1,1,1,0
setB-46,2,1,1,1,1,0
setB-47,0,1,1,1,1,0
setB-47,1,1,1,1,1,0
setB-47,2,1,1,1,1,0
setB-48,0,1,1,1,1,0
setB-48,1,1,1,1,1,0
setB-48,2,1,1,1,1,0
setB-49,0,1,1,1,1,0
setB-49,1,1,1,1,1,0
setB-49,2,1,1,1,1,0
