budget,graph,method,terminal_error,terminal_error_ci95,workflow_success,workflow_success_ci95
0.1,chain,random,0.22029166666666666,0.024197233708875866,0.7797083333333333,0.024197233708875866
0.1,chain,local-risk,0.19316666666666668,0.024074649309173718,0.8068333333333333,0.024074649309173718
0.1,chain,uncertainty,0.193,0.024065895389616294,0.807,0.02406589538961629
0.1,chain,centrality,0.26495833333333335,0.020803775935470413,0.7350416666666667,0.020803775935470413
0.1,chain,risk-x-count,0.26275,0.020145964491945636,0.73725,0.020145964491945632
0.1,chain,risk-x-influence,0.013125,0.0022752433594305397,0.9868750000000001,0.0022752433594305415
0.1,chain,toporisk,0.013125,0.0022752433594305397,0.9868750000000001,0.0022752433594305415
0.1,tree,random,0.20105833333333334,0.005809933641533328,0.02575,0.0034614938318625675
0.1,tree,local-risk,0.18019791666666668,0.005075827869760914,0.044,0.0050623062563191846
0.1,tree,uncertainty,0.18019791666666668,0.005075827869760914,0.044,0.0050623062563191846
0.1,tree,centrality,0.21448333333333333,0.0061162830551361935,0.02125,0.0033055384955802147
0.1,tree,risk-x-count,0.204175,0.005598033054988668,0.024291666666666666,0.003387803057652377
0.1,tree,risk-x-influence,0.18580833333333333,0.0055704356254640255,0.034583333333333334,0.004695246524376588
0.1,tree,toporisk,0.17059375,0.00487000513147359,0.045625,0.005525365557863352
0.1,diamond,random,0.5299914517195767,0.028049418590757998,0.050791666666666666,0.006623880138446969
0.1,diamond,local-risk,0.34411493055555553,0.016922288089471715,0.11004166666666666,0.01514071091698019
0.1,diamond,uncertainty,0.5748356646825397,0.027493914196942987,0.04883333333333333,0.0067395738547685255
0.1,diamond,centrality,0.6442479166666667,0.023512777561193465,0.036458333333333336,0.005471914574028124
0.1,diamond,risk-x-count,0.616306001984127,0.025048927365361733,0.046375,0.006668713707614407
0.1,diamond,risk-x-influence,0.5717237433862434,0.027533004980786088,0.059541666666666666,0.008408763417578473
0.1,diamond,toporisk,0.21024401455026454,0.015457253578501615,0.24995833333333334,0.03952522955201347
0.1,random,random,0.419160582010582,0.018769097601864192,0.0685,0.011259101829688698
0.1,random,local-risk,0.32664857804232805,0.015385107829390848,0.11175,0.017124591347344884
0.1,random,uncertainty,0.4227063492063492,0.021650293372018875,0.066,0.011552268395633204
0.1,random,centrality,0.4686306712962963,0.019972590871325527,0.051833333333333335,0.008917938142621916
0.1,random,risk-x-count,0.45623637566137565,0.020676272893696036,0.05504166666666667,0.009852108521824166
0.1,random,risk-x-influence,0.4088957175925926,0.02261316447621326,0.07225,0.012987023880225088
0.1,random,toporisk,0.19566767526455026,0.015159905459095823,0.2585,0.04411663779056041
0.2,chain,random,0.186375,0.025084197810618936,0.813625,0.025084197810618936
0.2,chain,local-risk,0.14433333333333334,0.02427860115045707,0.8556666666666667,0.02427860115045707
0.2,chain,uncertainty,0.14433333333333334,0.02427860115045707,0.8556666666666667,0.02427860115045707
0.2,chain,centrality,0.2615416666666667,0.02037507396148465,0.7384583333333333,0.02037507396148465
0.2,chain,risk-x-count,0.2607083333333333,0.020174020197109226,0.7392916666666667,0.020174020197109226
0.2,chain,risk-x-influence,0.01325,0.0023763622914263287,0.98675,0.0023763622914263305
0.2,chain,toporisk,0.01325,0.0023763622914263287,0.98675,0.0023763622914263305
0.2,tree,random,0.16735208333333335,0.005478519725496173,0.04070833333333333,0.004913948837061493
0.2,tree,local-risk,0.1367875,0.004249080178461492,0.089625,0.007941106963280363
0.2,tree,uncertainty,0.1367875,0.004249080178461492,0.089625,0.007941106963280363
0.2,tree,centrality,0.18626458333333334,0.005181564348470442,0.029666666666666668,0.003705952203223894
0.2,tree,risk-x-count,0.17543333333333333,0.005529496044285272,0.035708333333333335,0.004742569622007218
0.2,tree,risk-x-influence,0.14627708333333334,0.00495473312075483,0.065,0.007530945949391441
0.2,tree,toporisk,0.11769583333333333,0.003732570995171085,0.113,0.009982262744063863
0.2,diamond,random,0.3951503637566138,0.027342421586285276,0.104125,0.017191998011326926
0.2,diamond,local-risk,0.18248250661375662,0.013671408328832685,0.31116666666666665,0.03841147195536481
0.2,diamond,uncertainty,0.48308996362433865,0.029172112754050048,0.08833333333333333,0.01275301884426525
0.2,diamond,centrality,0.6076102513227514,0.024701868097342598,0.04816666666666667,0.006202294029156104
0.2,diamond,risk-x-count,0.5608336309523809,0.02671363790032837,0.06641666666666667,0.009051178830945458
0.2,diamond,risk-x-influence,0.49037055224867726,0.02778364464666539,0.091875,0.011519004592754949
0.2,diamond,toporisk,0.05104684193121693,0.004770657307323054,0.7210833333333333,0.030964127263864646
0.2,random,random,0.31362984457671955,0.01779384566704203,0.12204166666666667,0.018431338991377322
0.2,random,local-risk,0.2227899470899471,0.013743640567750095,0.21195833333333333,0.027064916737947208
0.2,random,uncertainty,0.33623715277777777,0.021455788891478304,0.11491666666666667,0.01921203865263151
0.2,random,centrality,0.4140390046296296,0.019300317884599096,0.072,0.01145297183449815
0.2,random,risk-x-count,0.4016633267195767,0.019570066564241463,0.07625,0.011820574923641561
0.2,random,risk-x-influence,0.3349784226190476,0.01837433030217057,0.10929166666666666,0.01672212818810332
0.2,random,toporisk,0.053715492724867725,0.00598315164080061,0.6749166666666667,0.04072144342498109
