noise,method,terminal_error,ci95
0.0,local-risk,0.26103202298280426,0.012627151064552212
0.0,risk-x-count,0.38486684441137564,0.022779894790562062
0.0,risk-x-influence,0.2948881985780423,0.028418418210922267
0.0,toporisk,0.1474076099537037,0.011426161722800672
0.25,local-risk,0.2727885499338624,0.014038338991034943
0.25,risk-x-count,0.38460644014550266,0.02268603946437867
0.25,risk-x-influence,0.2984897321428571,0.028568801800555103
0.25,toporisk,0.15218357308201058,0.011779064343410103
0.5,local-risk,0.27808274636243385,0.014390857694157296
0.5,risk-x-count,0.38411665013227514,0.02275014542891216
0.5,risk-x-influence,0.3011807043650794,0.028724906548859508
0.5,toporisk,0.1571350033068783,0.012258072133722167
0.75,local-risk,0.2815289806547619,0.014776274418206593
0.75,risk-x-count,0.38484449404761906,0.02272206084247364
0.75,risk-x-influence,0.30451653439153437,0.029075847464004913
0.75,toporisk,0.16203793816137566,0.012805393926323919
