budget,method,terminal_error,terminal_error_ci95,workflow_success,workflow_success_ci95
0.025,local-risk,0.3745804439484127,0.0202822568274247,0.21765625,0.039811416068551
0.025,risk-x-count,0.4149215732473545,0.02418524879659629,0.20680208333333333,0.039049985192013636
0.025,risk-x-influence,0.3451895419973545,0.03141168532704156,0.26925,0.05170491406186697
0.025,static-toporisk,0.30340283564814813,0.025831020656411085,0.27405208333333336,0.05143513585309085
0.025,toporisk,0.30340283564814813,0.025831020656411085,0.27405208333333336,0.05143513585309085
0.05,local-risk,0.33218801669973547,0.016896211273901698,0.23077083333333334,0.04001075540370087
0.05,risk-x-count,0.40324096808862436,0.023608007332223506,0.21023958333333334,0.038979370287612385
0.05,risk-x-influence,0.32496109457671957,0.03059768942159062,0.27728125,0.05202451672203045
0.05,static-toporisk,0.2459940476190476,0.02054342177522417,0.29454166666666665,0.05112095474056313
0.05,toporisk,0.24348303158068782,0.020389190887182287,0.2951770833333333,0.05107285091983965
0.1,local-risk,0.26103202298280426,0.012627151064552212,0.26815625,0.04045124794098449
0.1,risk-x-count,0.38486684441137564,0.022779894790562062,0.21573958333333335,0.038648555231439834
0.1,risk-x-influence,0.2948881985780423,0.028418418210922267,0.2883125,0.05132244680923834
0.1,static-toporisk,0.16057100694444446,0.012365264992601807,0.36328125,0.04817867769648753
0.1,toporisk,0.1474076099537037,0.011426161722800672,0.38523958333333336,0.04769509679002229
0.15,local-risk,0.21070689897486772,0.010445391847122707,0.3155208333333333,0.040070554285015714
0.15,risk-x-count,0.36669991319444445,0.021804221981058147,0.2223125,0.0383429475936463
0.15,risk-x-influence,0.2669474950396825,0.026162261464559744,0.300875,0.05046240320410723
0.15,static-toporisk,0.10732536789021165,0.008553823547273966,0.47280208333333335,0.04597010609867917
0.15,toporisk,0.08591293816137566,0.007108256732155266,0.5327604166666666,0.044775712909971684
0.2,local-risk,0.17159832175925926,0.008918976984295949,0.3671041666666667,0.03942583343945919
0.2,risk-x-count,0.3496596560846561,0.02094090195153906,0.22941666666666666,0.03790357194975747
0.2,risk-x-influence,0.24621901455026454,0.024490201831116443,0.31322916666666667,0.049636612925087045
0.2,static-toporisk,0.0786960193452381,0.006733486573652069,0.5528229166666667,0.04462501720910371
0.2,toporisk,0.0589270419973545,0.005238659200130047,0.6239375,0.04235993801681435
0.3,local-risk,0.11597498759920635,0.007564258317506456,0.4752708333333333,0.03911094530174358
0.3,risk-x-count,0.31520262896825396,0.019297145830146873,0.24788541666666666,0.03699996619569452
0.3,risk-x-influence,0.20434378306878306,0.021282974189885475,0.3466875,0.04747348988010512
0.3,static-toporisk,0.05054406415343915,0.0048394898991234786,0.6544479166666667,0.04208223716752331
0.3,toporisk,0.0352663814484127,0.003384543974827519,0.7237708333333334,0.03778188289882648
