graph,graph_index,budget_nodes,no_audit_loss,optimal_loss,greedy_loss,static_loss,greedy_excess_loss,static_excess_loss,greedy_fraction_of_optimal_gain,static_fraction_of_optimal_gain,greedy_exact_match,static_exact_match
chain,0,3,0.2682997276021778,0.010000247900473533,0.010000247900473533,0.010000247900473533,0.0,0.0,1.0,1.0,1,1
chain,1,3,0.39233824421576957,0.004825731109770303,0.004825731109770303,0.004825731109770303,0.0,0.0,1.0,1.0,1,1
chain,2,3,0.22124531964403937,0.008438663942796052,0.008438663942796052,0.008438663942796052,0.0,0.0,1.0,1.0,1,1
chain,3,3,0.2576934201972255,0.0032407142014771566,0.0032407142014771566,0.0032407142014771566,0.0,0.0,1.0,1.0,1,1
chain,4,3,0.15582497119061567,0.006545537883656781,0.006545537883656781,0.006545537883656781,0.0,0.0,1.0,1.0,1,1
chain,5,3,0.24831173883888125,0.01333310631236335,0.01333310631236335,0.01333310631236335,0.0,0.0,1.0,1.0,1,1
chain,6,3,0.19839928128236495,0.01093803493312688,0.01093803493312688,0.01093803493312688,0.0,0.0,1.0,1.0,1,1
chain,7,3,0.1186079605620729,0.0044250106685674966,0.0044250106685674966,0.0044250106685674966,0.0,0.0,1.0,1.0,1,1
chain,8,3,0.20511394110583347,0.005747713116234264,0.005747713116234264,0.005747713116234264,0.0,0.0,1.0,1.0,1,1
chain,9,3,0.16366817814501733,0.008736717637024868,0.008736717637024868,0.008736717637024868,0.0,0.0,1.0,1.0,1,1
chain,10,3,0.18515836040203726,0.010665432054968546,0.010665432054968546,0.010665432054968546,0.0,0.0,1.0,1.0,1,1
chain,11,3,0.21618499163496518,0.005560118617273334,0.005560118617273334,0.005560118617273334,0.0,0.0,1.0,1.0,1,1
chain,12,3,0.24475514938258758,0.012022566425182143,0.012022566425182143,0.012022566425182143,0.0,0.0,1.0,1.0,1,1
chain,13,3,0.2807526030779791,0.00763074394979024,0.00763074394979024,0.00763074394979024,0.0,0.0,1.0,1.0,1,1
chain,14,3,0.3754859002060339,0.026136527775288472,0.026136527775288472,0.026136527775288472,0.0,0.0,1.0,1.0,1,1
chain,15,3,0.13506295162533044,0.0019106363897049001,0.0019106363897049001,0.0019106363897049001,0.0,0.0,1.0,1.0,1,1
chain,16,3,0.18000701935087082,0.007866281427597975,0.007866281427597975,0.007866281427597975,0.0,0.0,1.0,1.0,1,1
chain,17,3,0.36180821103254235,0.02893663272980977,0.02893663272980977,0.02893663272980977,0.0,0.0,1.0,1.0,1,1
chain,18,3,0.36181252058442503,0.012803977479791926,0.012803977479791926,0.012803977479791926,0.0,0.0,1.0,1.0,1,1
chain,19,3,0.22114563889218808,0.008912038630660543,0.008912038630660543,0.008912038630660543,0.0,0.0,1.0,1.0,1,1
chain,20,3,0.2866464184690706,0.02483622093770473,0.02483622093770473,0.02483622093770473,0.0,0.0,1.0,1.0,1,1
chain,21,3,0.26086805517482203,0.012864094675977263,0.012864094675977263,0.012864094675977263,0.0,0.0,1.0,1.0,1,1
chain,22,3,0.3644737868291186,0.020237806455674384,0.020237806455674384,0.020237806455674384,0.0,0.0,1.0,1.0,1,1
chain,23,3,0.3156404069594305,0.020220029001051174,0.020220029001051174,0.020220029001051174,0.0,0.0,1.0,1.0,1,1
chain,24,3,0.25087074431765244,0.006759983625136433,0.006759983625136433,0.006759983625136433,0.0,0.0,1.0,1.0,1,1
chain,25,3,0.28335334104762055,0.010241128884962744,0.010241128884962744,0.010241128884962744,0.0,0.0,1.0,1.0,1,1
chain,26,3,0.3420142179299692,0.024115120018701634,0.024115120018701634,0.024115120018701634,0.0,0.0,1.0,1.0,1,1
chain,27,3,0.34328351305512717,0.006742446025981506,0.006742446025981506,0.006742446025981506,0.0,0.0,1.0,1.0,1,1
chain,28,3,0.23096903895906395,0.012184367366997448,0.012184367366997448,0.012184367366997448,0.0,0.0,1.0,1.0,1,1
chain,29,3,0.36469890667099514,0.01502683135475242,0.01502683135475242,0.01502683135475242,0.0,0.0,1.0,1.0,1,1
chain,30,3,0.41317761654113705,0.024786174613582918,0.024786174613582918,0.024786174613582918,0.0,0.0,1.0,1.0,1,1
chain,31,3,0.32095116375909505,0.006665107986711959,0.006665107986711959,0.006665107986711959,0.0,0.0,1.0,1.0,1,1
chain,32,3,0.20483258791577086,0.009191013263998802,0.009191013263998802,0.009191013263998802,0.0,0.0,1.0,1.0,1,1
chain,33,3,0.2831610928408893,0.00967047847686867,0.00967047847686867,0.00967047847686867,0.0,0.0,1.0,1.0,1,1
chain,34,3,0.3390517408668392,0.008444687794716774,0.008444687794716774,0.008444687794716774,0.0,0.0,1.0,1.0,1,1
chain,35,3,0.13582230865526645,0.003588844414235203,0.003588844414235203,0.003588844414235203,0.0,0.0,1.0,1.0,1,1
chain,36,3,0.301559856059182,0.0026186990043697393,0.0026186990043697393,0.0026186990043697393,0.0,0.0,1.0,1.0,1,1
chain,37,3,0.1570872731725821,0.004468694860375298,0.004468694860375298,0.004468694860375298,0.0,0.0,1.0,1.0,1,1
chain,38,3,0.17898338716208673,0.006869188262837043,0.006869188262837043,0.006869188262837043,0.0,0.0,1.0,1.0,1,1
chain,39,3,0.2607274257966814,0.008085024322691746,0.008085024322691746,0.008085024322691746,0.0,0.0,1.0,1.0,1,1
chain,40,3,0.11996453573396615,0.003652801188212295,0.003652801188212295,0.003652801188212295,0.0,0.0,1.0,1.0,1,1
chain,41,3,0.38708039300107744,0.015518411179956178,0.015518411179956178,0.015518411179956178,0.0,0.0,1.0,1.0,1,1
chain,42,3,0.4498501800729626,0.030414436179419562,0.030414436179419562,0.030414436179419562,0.0,0.0,1.0,1.0,1,1
chain,43,3,0.25080919845951233,0.018473916489640214,0.018473916489640214,0.018473916489640214,0.0,0.0,1.0,1.0,1,1
chain,44,3,0.14943898390504484,0.00968426070743432,0.00968426070743432,0.00968426070743432,0.0,0.0,1.0,1.0,1,1
chain,45,3,0.22893962220780184,0.017031777602819837,0.017031777602819837,0.017031777602819837,0.0,0.0,1.0,1.0,1,1
chain,46,3,0.17215890637305753,0.007667929610898248,0.007667929610898248,0.007667929610898248,0.0,0.0,1.0,1.0,1,1
chain,47,3,0.34094409754902755,0.008641989186293362,0.008641989186293362,0.008641989186293362,0.0,0.0,1.0,1.0,1,1
chain,48,3,0.2282013284469786,0.014767197837467324,0.014767197837467324,0.014767197837467324,0.0,0.0,1.0,1.0,1,1
chain,49,3,0.2797668856506663,0.021671254489467946,0.021671254489467946,0.021671254489467946,0.0,0.0,1.0,1.0,1,1
tree,0,3,0.21817246265814386,0.08557160476138381,0.08557160476138381,0.0996026781338228,0.0,0.014031073372438987,1.0,0.8941856516240396,1,0
tree,1,3,0.2366417440446169,0.09045766361216927,0.09045766361216927,0.09045766361216927,0.0,0.0,1.0,1.0,1,1
tree,2,3,0.21457860274194843,0.09350827690788337,0.09350827690788337,0.11996184384230783,0.0,0.026453566934424466,1.0,0.781502471789158,1,0
tree,3,3,0.23003626074862474,0.09592863157521424,0.09592863157521424,0.10791151746104187,0.0,0.011982885885827632,1.0,0.9106472468443019,1,0
tree,4,3,0.20040372485807503,0.07205314231189137,0.07205314231189137,0.07205314231189137,0.0,0.0,1.0,1.0,1,1
tree,5,3,0.2188885501966953,0.09391475968231243,0.09391475968231243,0.10250224238575549,0.0,0.008587482703443061,1.0,0.9312857306472212,1,0
tree,6,3,0.20441031323800188,0.08575256007822168,0.08575256007822168,0.09318280440654596,0.0,0.007430244328324273,1.0,0.9373808779412924,1,0
tree,7,3,0.27523947708707236,0.11905017837602365,0.12048259604697892,0.14839017575811023,0.0014324176709552688,0.029339997382086577,0.9908289640661923,0.8121510396409054,0,0
tree,8,3,0.2432719812977874,0.0823226734290692,0.08946645259335995,0.11255531738844805,0.0071437791642907505,0.030232643959378858,0.9556147257860983,0.8121604599627184,0,0
tree,9,3,0.2784460374674873,0.10568334757001503,0.10937728954925141,0.1278715930121064,0.0036939419792363787,0.022188245442091373,0.9786184043474399,0.8715680714669399,0,0
tree,10,3,0.32449467167570517,0.14833728646228642,0.14833728646228642,0.17068982377004271,0.0,0.0223525373077563,1.0,0.8731104161163855,1,0
tree,11,3,0.23368920153373907,0.0971204347873762,0.0971204347873762,0.11401219312030797,0.0,0.016891758332931772,1.0,0.8763131663603337,1,0
tree,12,3,0.19598890377892242,0.08242153419348046,0.08739370907260828,0.10578700527248973,0.004972174879127822,0.02336547107900927,0.9562182790947973,0.7942589393035968,0,0
tree,13,3,0.18631768721842681,0.06878332637357322,0.06878332637357322,0.07621122840753818,0.0,0.007427902033964956,1.0,0.9368022935542241,1,0
tree,14,3,0.20730713602931305,0.08753456855994961,0.08753456855994961,0.1182331808211905,0.0,0.03069861226124089,1.0,0.7436924588838486,1,0
tree,15,3,0.27022812171586735,0.10793082442915962,0.10793082442915962,0.15292463249537452,0.0,0.044993808066214905,1.0,0.7227692092325438,1,0
tree,16,3,0.20645865073699043,0.07686291130000676,0.07686291130000676,0.0889154800352659,0.0,0.012052568735259145,1.0,0.9069987270598526,1,0
tree,17,3,0.2096343515460508,0.09914484375459996,0.09914484375459996,0.11221533658301364,0.0,0.013070492828413674,1.0,0.8817037645503476,1,0
tree,18,3,0.24803416200251957,0.10673101280704785,0.10673101280704785,0.10673101280704785,0.0,0.0,1.0,1.0,1,1
tree,19,3,0.14172382956477161,0.0542997565035056,0.0542997565035056,0.0542997565035056,0.0,0.0,1.0,1.0,1,1
tree,20,3,0.2687511683695556,0.12096774454451599,0.12096774454451599,0.16867983818160048,0.0,0.04771209363708449,1.0,0.6771485434417143,1,0
tree,21,3,0.18393645899496036,0.07614565494018725,0.07614565494018725,0.07614565494018725,0.0,0.0,1.0,1.0,1,1
tree,22,3,0.1748764858565016,0.07022098175846575,0.07022098175846575,0.09044213288039486,0.0,0.020221151121929112,1.0,0.8067836823662233,1,0
tree,23,3,0.2804904534290244,0.11470780115184183,0.12184239113184941,0.14702871375180884,0.007134589980007586,0.032320912599967014,0.9569641944919616,0.8050404420727469,0,0
tree,24,3,0.21976999704184097,0.0978928188630264,0.0978928188630264,0.0978928188630264,0.0,0.0,1.0,1.0,1,1
tree,25,3,0.26804451476835695,0.11485864257047074,0.11485864257047074,0.1261491065764763,0.0,0.011290464006005557,1.0,0.9262956573996557,1,0
tree,26,3,0.30572359972758617,0.11178572018457274,0.11935917005419427,0.16573532780043704,0.007573449869621537,0.0539496076158643,0.9609490941766132,0.7218201635338658,0,0
tree,27,3,0.32594069323585323,0.12497097334113004,0.12497097334113004,0.18182344611049825,0.0,0.05685247276936821,1.0,0.7171092600459908,1,0
tree,28,3,0.22886793547390485,0.08843326031025663,0.08843326031025663,0.08843326031025663,0.0,0.0,1.0,1.0,1,1
tree,29,3,0.24853028149648293,0.09725521619836021,0.09725521619836021,0.10423025270496318,0.0,0.006975036506602972,1.0,0.9538916972677749,1,0
tree,30,3,0.19584596468815,0.07771328715633367,0.07771328715633367,0.08706409445830128,0.0,0.009350807301967606,1.0,0.9208448712300694,1,0
tree,31,3,0.2604885280554749,0.10112396281849849,0.10112396281849849,0.10868231197018711,0.0,0.007558349151688626,1.0,0.952571958889046,1,0
tree,32,3,0.16756020712563857,0.06699512251250606,0.06699512251250606,0.08365450593232304,0.0,0.016659383419816987,1.0,0.8343422721324745,1,0
tree,33,3,0.2765537392393203,0.12446400493690579,0.12446400493690579,0.12446400493690579,0.0,0.0,1.0,1.0,1,1
tree,34,3,0.22351658893143833,0.07975937936136517,0.07975937936136517,0.0882808244273245,0.0,0.008521445065959338,1.0,0.9407233550828934,1,0
tree,35,3,0.29529172689200267,0.13280626637370943,0.13280626637370943,0.14637588924446096,0.0,0.01356962287075153,1.0,0.9164871562817535,1,0
tree,36,3,0.23455970748947816,0.10494663740254102,0.10494663740254102,0.10494663740254102,0.0,0.0,1.0,1.0,1,1
tree,37,3,0.2908278839975534,0.12136600426759818,0.1330544228178376,0.17420447346219284,0.01168841855023943,0.05283846919459466,0.931026266385895,0.6881984946774165,0,0
tree,38,3,0.24917670691682683,0.11174238919890407,0.11174238919890407,0.15253609045713323,0.0,0.04079370125822916,1.0,0.7031767470046584,1,0
tree,39,3,0.23556452977176043,0.0794625814244629,0.0794625814244629,0.10459484578887639,0.0,0.025132264364413487,1.0,0.8390009565511707,1,0
tree,40,3,0.17985819234166245,0.08037363791499914,0.08037363791499914,0.08037363791499914,0.0,0.0,1.0,1.0,1,1
tree,41,3,0.3216450106686554,0.11806768931278222,0.11806768931278222,0.16174130170233866,0.0,0.04367361238955644,1.0,0.7854691667093375,1,0
tree,42,3,0.18389538965736982,0.06928310803667974,0.06928310803667974,0.10037576950854384,0.0,0.031092661471864097,1.0,0.7287144010031541,1,0
tree,43,3,0.3379303977152093,0.14316568232346727,0.14316568232346727,0.14316568232346727,0.0,0.0,1.0,1.0,1,1
tree,44,3,0.24392222736112346,0.0945993800023135,0.0945993800023135,0.0945993800023135,0.0,0.0,1.0,1.0,1,1
tree,45,3,0.21116206949520558,0.08793632774991857,0.08793632774991857,0.09965544548045617,0.0,0.011719117730537604,1.0,0.9048971621955295,1,0
tree,46,3,0.20361393538390635,0.09640425469046515,0.09640425469046515,0.10719041607423481,0.0,0.010786161383769657,1.0,0.8993919083239138,1,0
tree,47,3,0.22669001292249893,0.08736170859021826,0.08736170859021826,0.105459866366464,0.0,0.018098157776245738,1.0,0.8701042271132227,1,0
tree,48,3,0.15022910711887644,0.05625700769850402,0.05625700769850402,0.06135518793208775,0.0,0.0050981802335837295,1.0,0.9457479372597856,1,0
tree,49,3,0.19248875924959194,0.08743513652170097,0.08743513652170097,0.09151737189404115,0.0,0.004082235372340176,1.0,0.9611414126772767,1,0
diamond,0,3,0.3783929965196102,0.13509218536742856,0.13509218536742856,0.13509218536742856,0.0,0.0,1.0,1.0,1,1
diamond,1,3,0.5642352205046051,0.047169213793139,0.047169213793139,0.047169213793139,0.0,0.0,1.0,1.0,1,1
diamond,2,3,0.18212998419721937,0.018212998419721935,0.018212998419721935,0.03053959063602592,0.0,0.012326592216303986,1.0,0.9247997871737573,1,0
diamond,3,3,0.44256489035154395,0.04425648903515439,0.04425648903515439,0.1176497696950638,0.0,0.07339328065990941,1.0,0.8157375530685563,1,0
diamond,4,3,0.6894148834306157,0.05828407031558826,0.05828407031558826,0.05828407031558826,0.0,0.0,1.0,1.0,1,1
diamond,5,3,0.3232990424816984,0.03232990424816983,0.03232990424816983,0.07777275077987453,0.0,0.045442846531704696,1.0,0.8438224520731378,1,0
diamond,6,3,0.46884636383418987,0.034653060965631505,0.034653060965631505,0.034653060965631505,0.0,0.0,1.0,1.0,1,1
diamond,7,3,0.37046760649574423,0.03704676064957441,0.03704676064957441,0.09585261786764133,0.0,0.05880585721806692,1.0,0.8236287324242524,1,0
diamond,8,3,0.33455091247216506,0.0334550912472165,0.0334550912472165,0.05676223419522064,0.0,0.023307142948004143,1.0,0.9225922736051811,1,0
diamond,9,3,0.2703221899514202,0.04832979986068404,0.04832979986068404,0.09096784868796334,0.0,0.042638048827279305,1.0,0.8079301330561304,1,0
diamond,10,3,0.2380921638454531,0.023809216384545306,0.023809216384545306,0.030386334648971124,0.0,0.006577118264425818,1.0,0.969306385121356,1,0
diamond,11,3,0.50948538934353,0.05094853893435299,0.05094853893435299,0.14703314699312373,0.0,0.09608460805877073,1.0,0.7904539014192004,1,0
diamond,12,3,0.24340073735240342,0.027715073735240337,0.027715073735240337,0.027715073735240337,0.0,0.0,1.0,1.0,1,1
diamond,13,3,0.18899549059897972,0.05232667544873766,0.05232667544873766,0.07829822660636367,0.0,0.025971551157626005,1.0,0.8099672472533322,1,0
diamond,14,3,0.13029791155697146,0.05355231082322701,0.05355231082322701,0.05355231082322701,0.0,0.0,1.0,1.0,1,1
diamond,15,3,0.7231344363630909,0.0617751099092406,0.0617751099092406,0.0617751099092406,0.0,0.0,1.0,1.0,1,1
diamond,16,3,0.38184566873094106,0.0381845668730941,0.0381845668730941,0.0381845668730941,0.0,0.0,1.0,1.0,1,1
diamond,17,3,0.41654833929808127,0.030561537014362556,0.030561537014362556,0.030561537014362556,0.0,0.0,1.0,1.0,1,1
diamond,18,3,0.2623712511724252,0.06959744012522627,0.06959744012522627,0.09941323448238076,0.0,0.029815794357154493,1.0,0.845332754510651,1,0
diamond,19,3,0.25573903350621063,0.047113265556867324,0.047113265556867324,0.047113265556867324,0.0,0.0,1.0,1.0,1,1
diamond,20,3,0.43365004735852153,0.0345894029160956,0.0345894029160956,0.0345894029160956,0.0,0.0,1.0,1.0,1,1
diamond,21,3,0.2535094112761843,0.02872594112761843,0.02872594112761843,0.07161329844834136,0.0,0.04288735732072292,1.0,0.8092059113938519,1,0
diamond,22,3,0.3017180781251142,0.06643115508655477,0.06643115508655477,0.07191018220447584,0.0,0.005479027117921073,1.0,0.9767134227131563,1,0
diamond,23,3,0.30194378211695044,0.030194378211695034,0.030194378211695034,0.07573045408778485,0.0,0.04553607587608982,1.0,0.8324335758544448,1,0
diamond,24,3,0.3441702048280698,0.07106447828005916,0.07106447828005916,0.08557326173926807,0.0,0.014508783459208918,1.0,0.9468748471787963,1,0
diamond,25,3,0.4775528347003724,0.047755283470037234,0.047755283470037234,0.08650395542493515,0.0,0.038748671954897916,1.0,0.9098443631333489,1,0
diamond,26,3,0.3070633543302251,0.0724705594615429,0.0724705594615429,0.0724705594615429,0.0,0.0,1.0,1.0,1,1
diamond,27,3,0.48266485952603166,0.03414325527166201,0.03414325527166201,0.03414325527166201,0.0,0.0,1.0,1.0,1,1
diamond,28,3,0.42890598518827683,0.03702382897026723,0.03702382897026723,0.03702382897026723,0.0,0.0,1.0,1.0,1,1
diamond,29,3,0.6052757758192984,0.04837387549675246,0.04837387549675246,0.04837387549675246,0.0,0.0,1.0,1.0,1,1
diamond,30,3,0.296658488069345,0.029665848806934497,0.029665848806934497,0.0743331916541415,0.0,0.044667342847207,1.0,0.832701968973361,1,0
diamond,31,3,0.35377794476637636,0.1011611114223405,0.1011611114223405,0.1011611114223405,0.0,0.0,1.0,1.0,1,1
diamond,32,3,0.3373637347338056,0.1225220723093982,0.1225220723093982,0.1225220723093982,0.0,0.0,1.0,1.0,1,1
diamond,33,3,0.41553730102940867,0.09287859143272911,0.09287859143272911,0.09287859143272911,0.0,0.0,1.0,1.0,1,1
diamond,34,3,0.32673492175281105,0.06992333213864269,0.06992333213864269,0.09086010622084945,0.0,0.02093677408220676,1.0,0.9184741852435008,1,0
diamond,35,3,0.28948707412105346,0.05297730454904854,0.05297730454904854,0.05297730454904854,0.0,0.0,1.0,1.0,1,1
diamond,36,3,0.26719403451832247,0.06281082052359105,0.06281082052359105,0.09440103204005718,0.0,0.03159021151646613,1.0,0.8454363697535334,1,0
diamond,37,3,0.31779182727365035,0.03177918272736503,0.03177918272736503,0.0677152650616637,0.0,0.035936082334298666,1.0,0.8743549174502208,1,0
diamond,38,3,0.5291597366968412,0.05291597366968411,0.05291597366968411,0.05291597366968411,0.0,0.0,1.0,1.0,1,1
diamond,39,3,0.35056917341984467,0.03505691734198447,0.03505691734198447,0.03505691734198447,0.0,0.0,1.0,1.0,1,1
diamond,40,3,0.2615210965749189,0.026152109657491884,0.026152109657491884,0.03747437281508289,0.0,0.011322263157591005,1.0,0.9518956881028547,1,0
diamond,41,3,0.30336347193786384,0.09734569945170742,0.12252347313229753,0.14756373653806848,0.025177773680590113,0.050218037086361064,0.8777883413806837,0.7562441507820131,0,0
diamond,42,3,0.47685955751102604,0.039972632945976375,0.039972632945976375,0.039972632945976375,0.0,0.0,1.0,1.0,1,1
diamond,43,3,0.29050967874994754,0.029050967874994744,0.029050967874994744,0.029050967874994744,0.0,0.0,1.0,1.0,1,1
diamond,44,3,0.34059100429600725,0.03405910042960072,0.03405910042960072,0.05979015449433029,0.0,0.025731054064729572,1.0,0.9160575008990133,1,0
diamond,45,3,0.2821904270095848,0.04859028859515306,0.04859028859515306,0.04859028859515306,0.0,0.0,1.0,1.0,1,1
diamond,46,3,0.33765722018727873,0.03376572201872786,0.03376572201872786,0.05716908884938276,0.0,0.0234033668306549,1.0,0.9229877539460665,1,0
diamond,47,3,0.36841098846334164,0.12258960676641317,0.12258960676641317,0.12922886159937916,0.0,0.006639254832965985,1.0,0.9729915486312274,1,0
diamond,48,3,0.6475158074546524,0.0502415887949834,0.0502415887949834,0.0502415887949834,0.0,0.0,1.0,1.0,1,1
diamond,49,3,0.5002709722186192,0.0500270972218619,0.0500270972218619,0.11773053850254811,0.0,0.0677034412806862,1.0,0.849629400774916,1,0
random,0,3,0.48774111088509225,0.09444887613163058,0.11867776115667586,0.11867776115667586,0.024228885025045277,0.024228885025045277,0.9383947027577767,0.9383947027577767,0,0
random,1,3,0.4710976937526161,0.04702266788790094,0.04702266788790094,0.04702266788790094,0.0,0.0,1.0,1.0,1,1
random,2,3,0.5468139089351325,0.05468139089351324,0.05468139089351324,0.15570744493936464,0.0,0.10102605404585141,1.0,0.7947177836411378,1,0
random,3,3,0.2059132186423372,0.0506910736705757,0.0506910736705757,0.06648238234931318,0.0,0.01579130867873748,1.0,0.8982663930999646,1,0
random,4,3,0.3171143721759312,0.07503864370860261,0.09179704176742132,0.10188212472441552,0.016758398058818708,0.02684348101581291,0.9307720845665843,0.8891112248808711,0,0
random,5,3,0.3268988429334542,0.08846458224738016,0.08846458224738016,0.08910556901558961,0.0,0.0006409867682094506,1.0,0.9973116834536905,1,0
random,6,3,0.4716298884034229,0.047162988840342285,0.047162988840342285,0.1095230212505157,0.0,0.06236003241017342,1.0,0.8530862301056622,1,0
random,7,3,0.43152498267459743,0.14385829954313437,0.14385829954313437,0.1713066507984992,0.0,0.027448351255364822,1.0,0.9045827936813211,1,0
random,8,3,0.46518547477568484,0.12810840947190905,0.12810840947190905,0.12818954543812816,0.0,8.113596621911467e-05,1.0,0.9997592955007307,1,0
random,9,3,0.5527808767077483,0.05527808767077482,0.05527808767077482,0.12129078039388057,0.0,0.06601269272310575,1.0,0.8673119142690879,1,0
random,10,3,0.3871763596120405,0.05972148608912156,0.05972148608912156,0.10318347055024579,0.0,0.04346198446112423,1.0,0.8672733619947719,1,0
random,11,3,0.32807165651717024,0.12209087132026343,0.12209087132026343,0.12209087132026343,0.0,0.0,1.0,1.0,1,1
random,12,3,0.5472719255538666,0.054727192555386654,0.054727192555386654,0.16974018085306178,0.0,0.11501298829767512,1.0,0.7664922988872362,1,0
random,13,3,0.4944459853644732,0.0494445985364473,0.06195145097346557,0.06195145097346557,0.012506852437018268,0.012506852437018268,0.9718948012136159,0.9718948012136159,0,0
random,14,3,0.536478885655873,0.05364788856558728,0.05364788856558728,0.12447521605794305,0.0,0.07082732749235576,1.0,0.8533082425958837,1,0
random,15,3,0.33846877786459045,0.11795058654550232,0.11795058654550232,0.14327662538601368,0.0,0.025326038840511364,1.0,0.8851521559785298,1,0
random,16,3,0.3903597419118138,0.10069972926262151,0.10069972926262151,0.16559237956779269,0.0,0.06489265030517118,1.0,0.7759695937603829,1,0
random,17,3,0.43709713938433337,0.13769856626794294,0.13769856626794294,0.15342349914774972,0.0,0.01572493287980678,1.0,0.9474782637868694,1,0
random,18,3,0.419576003427384,0.032811763108646176,0.032811763108646176,0.032811763108646176,0.0,0.0,1.0,1.0,1,1
random,19,3,0.2671236664903579,0.026712366649035785,0.026712366649035785,0.026712366649035785,0.0,0.0,1.0,1.0,1,1
random,20,3,0.4370018914852364,0.10033659034296465,0.10033659034296465,0.10033659034296465,0.0,0.0,1.0,1.0,1,1
random,21,3,0.34788876690247617,0.07192752727450583,0.07192752727450583,0.09141675370955255,0.0,0.01948922643504672,1.0,0.9293769427136919,1,0
random,22,3,0.3252164235524543,0.06633668173180086,0.06633668173180086,0.09288608892825709,0.0,0.026549407196456223,1.0,0.8974450182554295,1,0
random,23,3,0.23372202153865543,0.07341484035256476,0.07341484035256476,0.09844656770193116,0.0,0.0250317273493664,1.0,0.843851490843017,1,0
random,24,3,0.38919890109681693,0.038919890109681686,0.05185123155792884,0.05185123155792884,0.012931341448247154,0.012931341448247154,0.9630827396371685,0.9630827396371685,0,0
random,25,3,0.32331433794823566,0.11201109908316327,0.11574291237408166,0.1261808227244378,0.003731813290918387,0.014169723641274543,0.9823390625199959,0.9329412851531224,0,0
random,26,3,0.3544144294754043,0.03544144294754042,0.03544144294754042,0.06689057924407212,0.0,0.0314491362965317,1.0,0.9014050166477516,1,0
random,27,3,0.46908404503248796,0.046908404503248784,0.046908404503248784,0.10775955122211857,0.0,0.060851146718869785,1.0,0.8558629611064561,1,0
random,28,3,0.5050191963763406,0.039463408944233114,0.039463408944233114,0.039463408944233114,0.0,0.0,1.0,1.0,1,1
random,29,3,0.2883519110308798,0.055163001327507566,0.055163001327507566,0.06913013222460834,0.0,0.013967130897100777,1.0,0.9401037943233764,1,0
random,30,3,0.42797686583629774,0.15552099262885152,0.15552099262885152,0.21057114404732963,0.0,0.055050151418478105,1.0,0.7979483768494017,1,0
random,31,3,0.494057995205174,0.14718918086633268,0.16458863592444864,0.21299622251297476,0.017399455058115965,0.06580704164664208,0.9498385143349349,0.8102826229216501,0,0
random,32,3,0.5785502172814381,0.04283583654410644,0.04283583654410644,0.04283583654410644,0.0,0.0,1.0,1.0,1,1
random,33,3,0.38461941057183374,0.09273660376869165,0.09273660376869165,0.11770504326336077,0.0,0.02496843949466912,1.0,0.9144573133027705,1,0
random,34,3,0.16173063044291336,0.049469410539762435,0.051605499664510425,0.051605499664510425,0.0021360891247479905,0.0021360891247479905,0.9809721547067561,0.9809721547067561,0,0
random,35,3,0.4515166165740688,0.12678489436401572,0.12678489436401572,0.12678489436401572,0.0,0.0,1.0,1.0,1,1
random,36,3,0.3138710930724858,0.03138710930724857,0.03138710930724857,0.053457805951852934,0.0,0.022070696644604364,1.0,0.9218692105993996,1,0
random,37,3,0.27000384791533105,0.027000384791533102,0.027000384791533102,0.06345892228862422,0.0,0.03645853749709112,1.0,0.8499670044680914,1,0
random,38,3,0.37258221356255866,0.13220608307851794,0.13220608307851794,0.13987044202026472,0.0,0.007664358941746774,1.0,0.9681151413565349,1,0
random,39,3,0.5768150601900003,0.05768150601900002,0.05768150601900002,0.15394550300376142,0.0,0.0962639969847614,1.0,0.8145679542165513,1,0
random,40,3,0.41424818369903305,0.030476666913980714,0.030476666913980714,0.030476666913980714,0.0,0.0,1.0,1.0,1,1
random,41,3,0.2954770271872583,0.08592005317613191,0.08856162237768302,0.09112790013582554,0.0026415692015511055,0.005207846959693632,0.9873945058902652,0.9751483004358655,0,0
random,42,3,0.36381559086376064,0.0658543790557695,0.0658543790557695,0.07118395520550104,0.0,0.005329576149731535,1.0,0.9821131880978994,1,0
random,43,3,0.29534191608652177,0.08030960666727342,0.08030960666727342,0.08030960666727342,0.0,0.0,1.0,1.0,1,1
random,44,3,0.6302111102614356,0.04825647201512771,0.04825647201512771,0.04825647201512771,0.0,0.0,1.0,1.0,1,1
random,45,3,0.4805265042542737,0.04805265042542736,0.04805265042542736,0.09944150529136919,0.0,0.05138885486594183,1.0,0.8811746550433562,1,0
random,46,3,0.45678175262238174,0.10983504833292088,0.12179448230755219,0.17415663212680127,0.011959433974631312,0.0643215837938804,0.9655294780818745,0.8146067306631157,0,0
random,47,3,0.36953398087887807,0.09632945594171229,0.1198918974002855,0.14982068216116257,0.02356244145857321,0.05349122621945028,0.913755303050005,0.8042081249139167,0,0
random,48,3,0.5302139436616088,0.05302139436616087,0.05302139436616087,0.13918324309011013,0.0,0.08616184872394925,1.0,0.8194400795838848,1,0
random,49,3,0.4154990750795232,0.11599201221462138,0.11599201221462138,0.11599201221462138,0.0,0.0,1.0,1.0,1,1
