condition,drop_rate,add_rate,method,terminal_error,terminal_error_ci95
exact,0.0,0.0,local-risk,0.26103202298280426,0.012627151064552212
exact,0.0,0.0,toporisk,0.1474076099537037,0.011426161722800672
drop,0.1,0.0,local-risk,0.2647783192791005,0.014264751800407113
drop,0.1,0.0,toporisk,0.1568112888558201,0.012201450279087752
drop,0.2,0.0,local-risk,0.27960613839285714,0.014704720897453968
drop,0.2,0.0,toporisk,0.1643145916005291,0.012832846702598688
drop,0.3,0.0,local-risk,0.284479865244709,0.015645948554413917
drop,0.3,0.0,toporisk,0.16960094659391534,0.013891068259157046
drop,0.5,0.0,local-risk,0.2981207217261905,0.01745291737800931
drop,0.5,0.0,toporisk,0.17658073330026455,0.013931957399771148
add,0.0,0.1,local-risk,0.26101344659391534,0.013482669478044036
add,0.0,0.1,toporisk,0.1496243923611111,0.011567981299750892
add,0.0,0.2,local-risk,0.2496385044642857,0.014220416688705923
add,0.0,0.2,toporisk,0.15214112103174604,0.01182321802353353
add,0.0,0.3,local-risk,0.2567171089616402,0.014095443815357715
add,0.0,0.3,toporisk,0.15537133763227512,0.011928651671323577
add,0.0,0.5,local-risk,0.24205501818783068,0.01551042369199425
add,0.0,0.5,toporisk,0.15672662450396826,0.012063651648544952
mixed,0.1,0.1,local-risk,0.26351180555555553,0.014090009034275588
mixed,0.1,0.1,toporisk,0.15625135582010583,0.012109960830480332
mixed,0.2,0.2,local-risk,0.2568237888558201,0.014672757363415515
mixed,0.2,0.2,toporisk,0.15975246362433862,0.012186080629072225
mixed,0.3,0.3,local-risk,0.26432513227513227,0.014982216464087593
mixed,0.3,0.3,toporisk,0.16611109457671958,0.012707600788859382
